slug,category,is_composite,is_khmer,name_en,name_km,name_romanized,kcal_per_100g,protein_per_100g,carbs_per_100g,fat_per_100g,default_portion_label_en,default_portion_label_km,default_portion_grams,confidence_score,source_note,image_url,needs_native_review,,
rice-steamed-white,staple,FALSE,TRUE,Steamed White Rice,បាយស,bai sau,130,2.4,28.2,0.3,1 cup cooked,មួយពែង,158,0.85,SN1 - standard cooked white rice value; consistent across nutrition databases,https://healthynibblesandbits.com/wp-content/uploads/2018/10/Jasmine-Rice-FF.jpg,N,,
rice-noodles-cooked,staple,FALSE,TRUE,Rice Noodles (Kuy Teav),គុយទាវ,kuy teav,109,1.8,25,0.2,1 cup cooked,មួយពែង,175,0.8,"SN1 - standard cooked rice noodle value. Note: ""kuy teav"" names both the noodle and the soup dish in Khmer - do not merge with the dish row below.",https://encrypted-tbn0.gstatic.com/images?q=tbn:ANd9GcRLZ8XnZb_HtZ1jsgzCdYhGHdluBEjegN1qywpDQZDjzKdslSHm_4_pnrop&s=10,N,,
protein-grilled-pork,protein,FALSE,TRUE,Grilled Pork,សាច់ជ្រូកអាំង,sach chrouk ang,250,26,0,16,100g,១០០ក្រាម,100,0.7,SN1 - standard grilled pork shoulder/loin value; fat content varies with cut,https://www.kawalingpinoy.com/wp-content/uploads/2019/12/inihaw-liempo-3-500x500.jpg,N,,
protein-grilled-chicken,protein,FALSE,TRUE,Grilled Chicken,សាច់មាន់អាំង,sach moan ang,190,27,0,8,100g,១០០ក្រាម,100,0.7,SN1 - standard grilled chicken thigh/mixed-cut value,https://www.marthastewart.com/thmb/typjRqI22iyC3lhH1PI0_BqLE3s=/1500x0/filters:no_upscale():max_bytes(150000):strip_icc()/grilled-chicken-breasts-lemon-thyme-sauce-bc26bcf7-0822-horiz-685b9e8238784250abdf41c1d4418499.jpg,N,,
protein-grilled-beef,protein,FALSE,TRUE,Grilled Beef,សាច់គោអាំង,sach ko ang,250,26,0,16,100g,១០០ក្រាម,100,0.7,SN1 - standard grilled lean beef value,"https://hips.hearstapps.com/hmg-prod/images/210331-delish-steak-21819-eb-1622207666.jpg?crop=0.521xw:0.781xh;0.210xw,0.127xh&resize=640:*",N,,
protein-freshwater-fish,protein,FALSE,TRUE,Freshwater Fish (grilled/steamed),ត្រី,trey,105,20,0,2.5,1 fillet,មួយចំណិត,120,0.6,SN1 - generic whitefish value; Mekong/Tonle Sap species (snakehead,https://thewoksoflife.com/wp-content/uploads/2015/05/steamed-whole-fish-5.jpg,catfish,goby) vary - refine per species once scan data shows which fish are most logged,Y
condiment-coconut-milk,staple,FALSE,TRUE,Coconut Milk,ខ្ទិះដូង,ktis dong,230,2.3,5.5,24,1 cup,មួយពែង,240,0.8,SN1 - standard canned coconut milk value,https://www.thisdoctorskitchen.com/wp-content/uploads/2019/03/Coconut-Milk.jpg,N,,
condiment-fish-sauce,staple,FALSE,TRUE,Fish Sauce,ទឹកត្រី,tuk trey,35,5,3.6,0,1 tbsp,មួយស្លាបព្រា,15,0.75,SN1 - standard fish sauce value,https://cambodiatrade.com/images/20220210130153123_hlss5gliu6.jpg,N,,
condiment-prahok,staple,FALSE,TRUE,Prahok (Fermented Fish Paste),ប្រហុក,prahok,160,20,1,8,1 tbsp,មួយស្លាបព្រា,15,0.4,SN3 - no direct published composition found; estimated from similar fermented fish paste products. High priority for real lab or recipe verification given its centrality to Khmer cuisine,https://static1.squarespace.com/static/56819f6b4bf118ab16b930cf/5681bfafa12f441a02328546/64fe38c446e8a42da6d16163/1694622688681/prahok.jpg?format=1500w,Y,,
condiment-palm-sugar,staple,FALSE,TRUE,Palm Sugar,ស្ករត្នោត,skor tnaot,383,0,98,0,1 tbsp,មួយស្លាបព្រា,15,0.8,SN1 - standard palm sugar value (similar to cane sugar with trace minerals),https://encrypted-tbn0.gstatic.com/images?q=tbn:ANd9GcSXbuMMgnSMHpdcByDVQ6fJA5zsLRKZeDiZc_JsL80PHfEZejMpbMSAQzPU&s=10,N,,
condiment-kroeung-paste,staple,FALSE,TRUE,Kroeung Spice Paste,គ្រឿង,kroeung,120,2,15,6,2 tbsp,ពីរស្លាបព្រា,30,0.35,SN3 - highly variable by household recipe (lemongrass/galangal/turmeric/garlic ratio and oil content); treat as a rough placeholder until a standard recipe is fixed,https://www.thespruceeats.com/thmb/DPa2iJek4kfhCA5HdsHO9dP4Wg4=/1500x0/filters:no_upscale():max_bytes(150000):strip_icc()/kroeung-cambodian-marinade-spice-paste-3030372-hero-01-107ac3b404c346bcae3dcc8a25f8b465.jpg,Y,,
vegetable-water-spinach,staple,FALSE,TRUE,Water Spinach (Morning Glory),ត្រកួន,trakuon,25,2.6,3.1,0.3,1 cup cooked,មួយពែង,100,0.75,SN1 - standard cooked water spinach value,https://www.denkinesiskekoebmand.dk/3290-large_default/morning-glory-water-spinach-250g.jpg,N,,
fruit-green-mango,staple,FALSE,TRUE,Green Mango (shredded),ស្វាយខ្ចី,svay khchei,60,0.8,15,0.4,1 cup shredded,មួយពែង,110,0.7,SN1 - standard unripe mango value,https://encrypted-tbn0.gstatic.com/images?q=tbn:ANd9GcTStOAvgCmYVUvMSYuHxeTCsf8CIEA4g_qabV002pjZBoS2XvjrpwLWj1k&s=10,N,,
fruit-green-papaya,staple,FALSE,TRUE,Green Papaya (shredded),ល្ហុងខ្ចី,lhong khchei,43,0.5,10,0.1,1 cup shredded,មួយពែង,100,0.75,SN1 - standard green papaya value,https://encrypted-tbn0.gstatic.com/images?q=tbn:ANd9GcRRoMytMveCFt69RLRjnBD8DTEZsdku1uyPeQHAGfnE-T7FiAo1TNAG_6M&s=10,N,,
condiment-roasted-peanuts,staple,FALSE,TRUE,Roasted Peanuts,សណ្តែកដីអាំង,sandaek dey ang,570,25,20,48,1 tbsp,មួយស្លាបព្រា,15,0.85,SN1 - standard roasted peanut value,https://hungryinthailand.com/wp-content/uploads/2022/12/dry-roasted-peanuts.webp,N,,
condiment-dried-shrimp,staple,FALSE,TRUE,Dried Shrimp,បង្កងស្ងួត,bangkang svuot,280,55,5,3,1 tbsp,មួយស្លាបព្រា,10,0.7,SN1 - standard dried shrimp value,https://redhousespice.com/wp-content/uploads/2023/10/dried-shrimp.jpg,N,,
dish-amok-trey,curry,TRUE,TRUE,Fish Amok (Steamed Fish Curry),អាម៉ុកត្រី,amok trei,145,11,6,9.5,1 bowl,មួយចាន,280,0.55,"SN4 - cross-referenced against 5 published recipes reporting 224-474 kcal per serving; normalized to per-100g assuming a ~300g single-bowl portion. Wide variance reflects real recipe differences in coconut milk and egg richness - Cambodia's national dish, prioritize verifying this one first",https://grantourismotravels.com/wp-content/uploads/2017/05/Authentic-Fish-Amok-Recipe-Steamed-Fish-Curry-Cambodia-Copyright-2022-Terence-Carter-Grantourismo-T-500x375.jpg,Y,,
dish-kuy-teav-sach-chrouk,noodle-soup,TRUE,TRUE,Pork Noodle Soup (Kuy Teav Sach Chrouk),គុយទាវសាច់ជ្រូក,kuy teav sach chrouk,95,7,12,2.5,1 bowl,មួយចាន,450,0.45,SN4 - broth-based dish is calorie-dilute; published recipe totals (900-1500kcal) appear to be whole-pot yields for 4-6 bowls rather than single servings - normalized accordingly,https://www.tuktukbox.com/cdn/shop/articles/kuy_teav_1024x1024.jpg?v=1707526833,Y,,
dish-kuy-teav-sach-ko,noodle-soup,TRUE,TRUE,Beef Noodle Soup (Kuy Teav Sach Ko),គុយទាវសាច់គោ,kuy teav sach ko,100,8,12,2.8,1 bowl,មួយចាន,450,0.45,SN2 - estimated from base ingredient composition (broth + noodles + beef),https://encrypted-tbn0.gstatic.com/images?q=tbn:ANd9GcRLZ8XnZb_HtZ1jsgzCdYhGHdluBEjegN1qywpDQZDjzKdslSHm_4_pnrop&s=10,Y,,
dish-kuy-teav-phnom-penh,noodle-soup,TRUE,TRUE,Phnom Penh Noodle Soup (Pork & Seafood),គុយទាវភ្នំពេញ,kuy teav phnom penh,115,9,13,3.5,1 bowl,មួយចាន,450,0.4,SN2 - richer variant with mixed pork and seafood; estimated from ingredient composition,https://i0.wp.com/flavourfullygood.com/wp-content/uploads/2022/07/Phnom-Penh-Noodles-or-Pork-Noodles-Soup-Flavourfully-Good-copy-1.jpg?resize=1024%2C683&ssl=1,Y,,
dish-bai-sach-chrouk,rice-dish,TRUE,TRUE,Grilled Pork over Rice,បាយសាច់ជ្រូក,bai sach chrouk,195,11,22,7.5,1 plate,មួយចាន,380,0.55,SN2 - Cambodia's signature breakfast plate; estimated from rice + grilled pork + pickle side composition,https://www.marionskitchen.com/wp-content/uploads/2021/06/20180327_Studio_Vietnzmese-Grilled-Pork-chops-scaled-e1688964628949-1200x1500.jpg,Y,,
dish-bai-cha,rice-dish,TRUE,TRUE,Khmer Fried Rice,បាយឆា,bai cha,175,6,24,6.5,1 plate,មួយចាន,320,0.5,SN2 - estimated from rice + egg + oil + vegetable composition,https://encrypted-tbn0.gstatic.com/images?q=tbn:ANd9GcR2oM9Wu2Z3GxMybaIYvlXpuwD9HjTdDoEf5KnSyPxV9xgoxfuFYPfGRN-J&s=10,Y,,
dish-mi-cha,noodle-dish,TRUE,TRUE,Stir-Fried Egg Noodles,មីឆា,mi cha,165,7,22,6,1 plate,មួយចាន,300,0.45,SN2 - estimated from egg noodle + oil + vegetable composition,https://encrypted-tbn0.gstatic.com/images?q=tbn:ANd9GcQf7ClUFRRjqY7ftb53u1u1fxZfvHYqs6Kb6xPby4OftQ&s=10,Y,,
dish-lort-cha,noodle-dish,TRUE,TRUE,Stir-Fried Short Rice Noodles,ឡតឆា,lort cha,150,6,20,5.5,1 plate,មួយចាន,280,0.5,"SN4 - Wikipedia reports 890 kcal / 16g protein / 20g fat / 160g carb per ""serving""; this is almost certainly a whole-recipe total for several plates, normalized here assuming a ~5-serving yield",https://encrypted-tbn0.gstatic.com/images?q=tbn:ANd9GcQ9J7eMfh6ZEYEAo1x47EM3SHoqEPgIOcII8J2FPp644w&s=10,Y,,
dish-num-banh-chok,noodle-dish,TRUE,TRUE,Rice Noodles with Fish Gravy,នំបញ្ចុក,num banh chok,110,6,17,2.5,1 bowl,មួយចាន,300,0.45,SN2 - the traditional Khmer breakfast dish; estimated from noodle + fish gravy + vegetable composition,https://kohsantepheap.tv/wp-content/uploads/2020/07/8Q3A0210.jpg,Y,,
dish-lok-lak,rice-dish,TRUE,TRUE,Shaking Beef with Rice,ឡុកឡាក់,lok lak,180,12,18,8,1 plate,មួយចាន,380,0.5,SN2 - estimated from marinated beef + rice + egg + lime-pepper sauce composition,https://upload.wikimedia.org/wikipedia/commons/f/fb/2016_Phnom_Penh%2C_Kambod%C5%BCa%C5%84ski_Lok_Lak_%2802%29.jpg?utm_source=km.wikipedia.org&utm_campaign=index&utm_content=original,Y,,
dish-bobor-sach-chrouk,porridge,TRUE,TRUE,Pork Rice Porridge,បបរសាច់ជ្រូក,bobor sach chrouk,70,4,10,1.8,1 bowl,មួយចាន,400,0.5,SN2 - rice porridge is water-heavy and calorie-dilute; estimated from rice + pork + broth composition,https://encrypted-tbn0.gstatic.com/images?q=tbn:ANd9GcRfdRZn8a1VGS7yUm8bA-_kUrnsfQ8ulzefDIPG9LZneq6tGl_1efSVkGBz&s=10,Y,,
dish-samlor-machu-kroeung,soup,TRUE,TRUE,Sour Soup with Kroeung,សម្លម្ជូរគ្រឿង,samlor machu kroeung,45,4.5,4,1.5,1 bowl,មួយចាន,350,0.4,SN3 - light broth-based soup; estimated from ingredient composition,https://soracambodia83273053.wordpress.com/wp-content/uploads/2020/10/92.jpg,no direct published source found,Y,
dish-samlor-kako,soup,TRUE,TRUE,Mixed Vegetable & Fish Soup,សម្លកកូរ,samlor kako,55,5,5.5,1.8,1 bowl,មួយចាន,350,0.4,SN3 - traditional home-style soup; estimated from ingredient composition,https://encrypted-tbn0.gstatic.com/images?q=tbn:ANd9GcSVd89Vxv2EtpTJa8yFFIdeRwYiWY-Xr-OFLOduqHcr-9DzZTDakUDgIHI7&s=10,Y,,
dish-samlor-machu-trey,soup,TRUE,TRUE,Sour Fish Soup,សម្លម្ជូរត្រី,samlor machu trey,48,6,3.5,1.2,1 bowl,មួយចាន,350,0.4,SN3 - estimated from ingredient composition,https://encrypted-tbn0.gstatic.com/images?q=tbn:ANd9GcRvSI6KAfFQpowG7c7N0aJj3yn0DieGhSh9et1Q4nS9xpu8JF9ReJuiARlL&s=10,Y,,
dish-nhoam-svay,salad,TRUE,TRUE,Green Mango Salad,ញាំស្វាយ,nhoam svay,120,5,16,4,1 plate,មួយចាន,200,0.45,"SN4 - Wikipedia reports 1444 kcal / 229g protein / 43g fat / 26g carb per ""serving"" - the protein figure alone confirms this is a whole-recipe total (no single salad has 229g protein), normalized here assuming a ~4-serving yield",https://encrypted-tbn0.gstatic.com/images?q=tbn:ANd9GcSXsFVWd36e_8-GDBy1lX-_oqXFqj6LPHc9iFtbJVf5WVkpJqlKWCpidfhk&s=10,Y,,
dish-bok-lhong,salad,TRUE,TRUE,Green Papaya Salad,បុកល្ហុង,bok lhong,95,3.5,14,3,1 plate,មួយចាន,200,0.45,SN2 - estimated from papaya + dried shrimp + peanut + palm sugar dressing composition,https://encrypted-tbn0.gstatic.com/images?q=tbn:ANd9GcRYuzLqpVbVWmckDG2Rl4uXVYeULvsv_j3Sdn8JQPE2t9iHDQrTLsc6P-Ri&s=10,Y,,
dish-phlea-sach-ko,salad,TRUE,TRUE,Beef Salad,ភ្លាសាច់គោ,phlea sach ko,140,13,6,7.5,1 plate,មួយចាន,220,0.4,SN3 - estimated from seared beef + herb + lime dressing composition,https://jongphov.com/wp-content/uploads/2021/04/1sadfsdgstd.jpg,Y,,
dish-somlor-kari-sach-moan,curry,TRUE,TRUE,Chicken Curry,សម្លការីសាច់មាន់,somlor kari sach moan,155,10,7,10,1 bowl,មួយចាន,350,0.45,SN2 - estimated from chicken + coconut milk + curry paste + potato composition,https://i.ytimg.com/vi/YgErUCPmkpA/sddefault.jpg,Y,,
dish-kari-sach-ko,curry,TRUE,TRUE,Beef Curry,ការីសាច់គោ,kari sach ko,165,11,7,11,1 bowl,មួយចាន,350,0.45,SN2 - estimated from beef + coconut milk + curry paste composition,https://i.ytimg.com/vi/hWMB1L3IByA/maxresdefault.jpg,Y,,
dish-cha-trakuon,stir-fry,TRUE,TRUE,Stir-Fried Morning Glory,ឆាត្រកួន,cha trakuon,65,3,5,4,1 plate,មួយចាន,180,0.55,SN2 - simple stir-fry,https://i.ytimg.com/vi/udVxfv1t5YU/hq720.jpg?sqp=-oaymwEhCK4FEIIDSFryq4qpAxMIARUAAAAAGAElAADIQj0AgKJD&rs=AOn4CLA90tfkxSEKpoao58x0KFdRESLADw,estimated from water spinach + garlic + oil + fermented bean paste composition,Y,
dish-cha-kroeung-sach-ko,stir-fry,TRUE,TRUE,Beef Stir-Fry with Kroeung Paste,ឆាគ្រឿងសាច់គោ,cha kroeung sach ko,190,15,6,12,1 plate,មួយចាន,250,0.45,SN2 - estimated from beef + kroeung paste + oil composition,https://i.ytimg.com/vi/POPQH8Y1m6I/maxresdefault.jpg,Y,,
dish-kdam-chaa,stir-fry,TRUE,TRUE,Stir-Fried Crab with Kampot Pepper,ក្តាមឆា,kdam chaa,145,14,5,8,1 plate,មួយចាន,250,0.4,SN3 - Kampot's signature dish; estimated from crab + pepper + oil composition,https://encrypted-tbn0.gstatic.com/images?q=tbn:ANd9GcTrkdKSVPj4Wb5OfdRN8l2wyZCtF_10p-7WDPm905J7sb-IHopmxQCAJ3Ok&s=10,Y,,
dish-sach-ko-cha-kchei,stir-fry,TRUE,TRUE,Beef & Ginger Stir-Fry,សាច់គោឆាខ្ញី,sach ko cha kchei,175,15,5,11,1 plate,មួយចាន,250,0.45,SN2 - estimated from beef + ginger + oil composition,https://jongphov.com/wp-content/uploads/2022/10/%E1%9E%9A%E1%9E%94%E1%9F%80%E1%9E%94%E1%9E%86%E1%9E%B6%E1%9E%81%E1%9F%92%E1%9E%89%E1%9E%B8%E1%9E%9F%E1%9E%B6%E1%9E%85%E1%9F%8B%E1%9E%82%E1%9F%84.jpg,Y,,
dish-trey-ang,grilled,TRUE,TRUE,Grilled Whole Fish,ត្រីអាំង,trey ang,150,22,1,6,1 whole fish,មួយក្បាល,250,0.5,SN2 - estimated from base grilled fish plus marinade,https://i.ytimg.com/vi/qOy7dKyNEDg/hq720.jpg?sqp=-oaymwEhCK4FEIIDSFryq4qpAxMIARUAAAAAGAElAADIQj0AgKJD&rs=AOn4CLCrWEjMCCJFDMkY7EMuJ-zk25TkMg,Y,,
dish-sach-ko-ang-skewers,grilled,TRUE,TRUE,Grilled Beef Skewers,សាច់គោអាំងញួស,sach ko ang chnuos,230,24,3,14,1 skewer set,មួយសំណុំ,150,0.4,SN2 - estimated from marinated beef plus grilling fat retention,https://i.ytimg.com/vi/YUdIwkLcGzQ/hqdefault.jpg,Y,,
dish-trey-chien,fried,TRUE,TRUE,Whole Fried Fish,ត្រីចៀន,trey chien,210,20,2,14,1 whole fish,មួយក្បាល,250,0.45,SN2 - estimated from base fish plus frying oil absorption,https://encrypted-tbn0.gstatic.com/images?q=tbn:ANd9GcTwQ_4HCDCEomTVgaC6izAuypTYj-eCwHNzteYhmAFe1Q&s=10,Y,,
dish-prahok-ktis,dip,TRUE,TRUE,Pork & Prahok Coconut Dip,ប្រហុកខ្ទិះ,prahok ktis,185,9,5,14.5,1 small bowl,មួយចានតូច,100,0.35,SN3 - niche but iconic dish; estimated purely from ingredient composition (pork + prahok + coconut milk),https://i.ytimg.com/vi/exvscYPkrKg/maxresdefault.jpg,no published source found - high priority for real recipe verification,Y,
dish-tuk-meric,dip,TRUE,TRUE,Lime-Pepper Dipping Sauce,ទឹកម្រេច,tuk meric,40,1.5,7,0.5,2 tbsp,ពីរស្លាបព្រា,30,0.4,SN3 - estimated from lime juice + salt + sugar + pepper composition,https://encrypted-tbn0.gstatic.com/images?q=tbn:ANd9GcTlTnc_BNQddEP5L7DRX7jePhqEKcX7Rti2R623W6c_PN_YtZ9X0ROfVXk&s=10,Y,,
dish-cha-houy-teuk,dessert,TRUE,TRUE,Coconut Jelly Dessert,ចាហួយទឹក,cha houy teuk,140,1.5,22,5,1 glass,មួយកែវ,200,0.4,SN3 - estimated from jelly + coconut milk + sugar composition,https://encrypted-tbn0.gstatic.com/images?q=tbn:ANd9GcRHUdFP0E8o1DV10tEaXrsKIbBCQDtZTOqlk3E2QqBGlg324b0DNiNaFIrk&s=10,Y,,
dish-num-ansom-chek,dessert,TRUE,TRUE,Sticky Rice with Banana,នំអន្សមចេក,num ansom chek,190,3,38,3.5,1 piece,មួយដុំ,150,0.4,SN3 - estimated from sticky rice + banana + coconut milk composition,https://encrypted-tbn0.gstatic.com/images?q=tbn:ANd9GcQwF8k8qrpZSNwKk-qZK7Lxrnk1clg2kZLHd49iUzUDaVvywCxHn6UUtdPL&s=10,Y,,
dish-sankhya-lapov,dessert,TRUE,TRUE,Pumpkin Coconut Custard,សង់ខ្យាល្ពៅ,sangkhya lapov,165,4,22,7,1 slice,មួយចំណិត,120,0.4,SN3 - estimated from pumpkin + egg + coconut milk + palm sugar composition,https://encrypted-tbn0.gstatic.com/images?q=tbn:ANd9GcQJWNcrcFI80Hi_xiYPAVxn8glgvK4VX9SasqPaKV1RK1GmRHm7Xn4RdA8l&s=10,Y,,
dish-kralan,dessert,TRUE,TRUE,Sticky Rice in Bamboo,ក្រឡាន,kralan,200,4,35,5.5,1 piece,មួយដុំ,150,0.4,SN3 - estimated from sticky rice + coconut + black bean composition,https://www.cnc.com.kh/news/0b69e1529f637ad6d0bab6d5977a2b9d.jpg,Y,,
dish-num-kom,dessert,TRUE,TRUE,Palm Sugar Rice Dumplings,នំគម,num kom,210,3,40,5,1 piece,មួយដុំ,60,0.3,SN3 - lower confidence on exact name/recipe variant; flag for careful native-speaker verification of both name and composition,https://kohsantepheap.tv/wp-content/uploads/2020/03/%E1%9E%93%E1%9F%86%E1%9E%82%E1%9E%98.jpg,Y,,
dish-bobor-skor-tnaot,dessert,TRUE,TRUE,Sweet Tapioca-Palm Sugar Porridge,បបរស្ករត្នោត,bobor skor tnaot,130,2,24,3.5,1 bowl,មួយចាន,250,0.35,SN3 - estimated from tapioca + coconut milk + palm sugar composition,https://i.ytimg.com/vi/1_BKPjcX4yg/hq720.jpg?sqp=-oaymwEhCK4FEIIDSFryq4qpAxMIARUAAAAAGAElAADIQj0AgKJD&rs=AOn4CLBaAHO-HRyYbsReoqvXa8U7aSEyAQ,Y,,